{
  "score": 27.9224489795918,
  "rating": "fear",
  "timestamp": "2026-03-10T09:58:16+00:00",
  "previous_close": 27.1676691729323,
  "previous_1_week": 33.2023483365949,
  "previous_1_month": 51.6571428571429,
  "previous_1_year": 17.071428571428573
}