{
  "score": 31.9626984126984,
  "rating": "fear",
  "timestamp": "2026-03-03T23:59:47+00:00",
  "previous_close": 41.5307847082495,
  "previous_1_week": 43.2857142857143,
  "previous_1_month": 43.34285714285714,
  "previous_1_year": 12.342857142857143
}