{
  "score": 38.0810810810811,
  "rating": "fear",
  "timestamp": "2026-03-05T09:55:46+00:00",
  "previous_close": 37.2293542074364,
  "previous_1_week": 42.1730382293763,
  "previous_1_month": 47.228571428571435,
  "previous_1_year": 11.514285714285714
}